Timestamp,Temperature_C,DewPoint_C,Pressure_hPa
2019-01-01,2.06,-2.5,846.2
2019-01-02,2.5,-0.11,846.1
2019-01-03,2.72,-1.11,848.6
2019-01-04,0.39,-1.5,847.9
2019-01-05,1.72,-1.0,844.1
2019-01-06,1.44,-0.94,845.1
2019-01-07,0.78,-2.39,848.1
2019-01-08,1.22,-1.72,845.4
2019-01-09,2.17,-1.22,846.3
2019-01-10,1.61,-1.44,845.3
2019-01-11,1.94,-0.61,845.1
2019-01-12,1.56,0.22,842.5
2019-01-13,2.44,-1.33,846.1
2019-01-14,-0.06,-4.89,849.5
2019-01-15,0.22,-3.89,848.5
2019-01-16,0.17,-1.11,846.6
2019-01-17,1.5,-1.61,848.2
2019-01-18,1.44,-2.5,849.5
2019-01-19,0.94,-0.83,848.2
2019-01-20,2.28,0.28,844.3
2019-01-21,1.83,0.89,838.9
2019-01-22,1.83,0.72,838.4
2019-01-23,2.11,-0.28,843.0
2019-01-24,1.5,-0.44,845.2
2019-01-25,1.22,-1.17,844.0
2019-01-26,1.44,-2.0,847.4
2019-01-27,2.0,-2.78,847.7
2019-01-28,1.33,-4.61,849.0
2019-01-29,1.5,-4.61,847.9
2019-01-30,1.56,-0.89,846.2
2019-01-31,0.94,0.22,843.4
2019-02-01,2.56,0.44,845.7
2019-02-02,3.78,-0.67,847.4
2019-02-03,4.22,-1.39,849.3
2019-02-04,2.56,-1.33,849.6
2019-02-05,4.5,-0.11,844.6
2019-02-06,1.39,0.28,837.8
2019-02-07,0.89,-0.06,835.7
2019-02-08,2.33,-1.33,843.5
2019-02-09,1.78,-3.94,847.3
2019-02-10,2.89,-2.39,847.3
2019-02-11,4.89,-0.94,848.5
2019-02-12,3.06,0.5,851.0
2019-02-13,2.61,1.22,849.3
2019-02-14,2.72,1.28,842.4
2019-02-15,3.67,1.39,843.4
2019-02-16,6.0,0.17,845.1
2019-02-17,4.06,-1.28,840.4
2019-02-18,3.67,1.17,835.2
2019-02-19,5.56,1.0,840.7
2019-02-20,4.61,1.44,843.9
2019-02-21,2.72,1.44,841.1
2019-02-22,5.17,2.22,843.1
2019-02-23,7.17,1.33,841.9
2019-02-24,6.33,-0.06,837.6
2019-02-25,4.39,-0.11,838.5
2019-02-26,2.17,-0.39,837.9
2019-02-27,3.44,-3.89,836.9
2019-02-28,4.11,-3.39,840.7
2019-03-01,5.5,-1.0,843.0
2019-03-02,2.39,1.06,841.9
2019-03-03,4.5,2.33,839.9
2019-03-04,6.11,2.61,839.2
2019-03-05,8.11,1.33,838.8
2019-03-06,8.33,0.67,839.3
2019-03-07,6.94,1.33,840.6
2019-03-08,6.83,0.61,842.9
2019-03-09,8.56,-0.28,843.4
2019-03-10,9.89,-1.39,842.1
2019-03-11,5.78,2.44,841.4
2019-03-12,7.11,1.61,845.8
2019-03-13,5.94,1.94,844.4
2019-03-14,7.5,3.11,844.8
2019-03-15,9.11,2.17,846.6
2019-03-16,9.83,0.56,846.1
2019-03-17,9.44,2.22,844.6
2019-03-18,9.72,2.06,843.7
2019-03-19,8.5,3.56,840.4
2019-03-20,4.22,2.89,842.0
2019-03-21,8.06,3.28,845.4
2019-03-22,10.33,2.61,845.6
2019-03-23,9.5,3.11,844.5
2019-03-24,10.5,3.67,843.5
2019-03-25,12.22,3.17,842.6
2019-03-26,13.33,1.06,844.4
2019-03-27,13.89,2.61,845.5
2019-03-28,14.89,5.28,844.6
2019-03-29,15.11,6.89,842.5
2019-03-30,11.28,7.17,842.4
2019-03-31,12.83,5.78,842.8
2019-04-01,14.33,3.17,842.5
2019-04-02,15.33,1.61,843.2
2019-04-03,16.11,3.11,842.3
2019-04-04,17.44,5.33,843.1
2019-04-05,17.5,7.11,842.6
2019-04-06,16.22,6.44,842.5
2019-04-07,16.56,5.61,840.7
2019-04-08,17.06,6.06,840.9
2019-04-09,18.22,6.67,840.3
2019-04-10,17.39,9.72,842.8
2019-04-11,17.06,7.78,842.3
2019-04-12,15.28,10.22,843.7
2019-04-13,13.06,10.83,844.4
2019-04-14,14.06,10.67,845.0
2019-04-15,16.06,9.61,842.4
2019-04-16,13.83,10.11,841.0
2019-04-17,11.83,9.28,841.0
2019-04-18,14.11,7.44,842.4
2019-04-19,16.11,7.78,839.9
2019-04-20,17.5,9.17,838.3
2019-04-21,17.83,9.11,838.3
2019-04-22,19.39,8.61,840.1
2019-04-23,19.56,8.22,842.6
2019-04-24,13.89,11.33,846.1
2019-04-25,14.39,10.61,845.9
2019-04-26,13.89,9.39,845.2
2019-04-27,16.39,10.5,842.8
2019-04-28,18.17,9.17,841.0
2019-04-29,18.78,8.5,839.5
2019-04-30,14.28,9.89,841.1
2019-05-01,15.0,8.33,840.8
2019-05-02,12.33,7.83,841.1
2019-05-03,11.11,8.0,844.2
2019-05-04,14.06,7.5,843.8
2019-05-05,15.44,6.39,842.4
2019-05-06,16.83,3.78,842.0
2019-05-07,16.44,5.61,840.7
2019-05-08,17.56,8.22,842.0
2019-05-09,18.89,8.06,839.2
2019-05-10,16.89,9.22,840.9
2019-05-11,15.44,10.78,843.5
2019-05-12,17.39,11.17,841.1
2019-05-13,17.28,11.28,839.4
2019-05-14,17.78,10.17,839.1
2019-05-15,17.56,9.83,841.0
2019-05-16,15.89,10.94,840.9
2019-05-17,14.56,11.78,841.0
2019-05-18,17.28,11.44,840.8
2019-05-19,19.94,11.5,840.4
2019-05-20,17.56,10.33,844.6
2019-05-21,19.28,10.5,841.7
2019-05-22,19.89,9.72,840.2
2019-05-23,14.83,11.5,841.0
2019-05-24,14.33,12.28,840.2
2019-05-25,16.89,10.94,839.0
2019-05-26,19.28,10.78,838.2
2019-05-27,19.22,8.83,840.6
2019-05-28,21.22,9.11,839.8
2019-05-29,20.61,9.83,838.3
2019-05-30,23.28,9.33,838.2
2019-05-31,22.44,10.44,838.8
2019-06-01,22.28,9.61,839.5
2019-06-02,21.5,11.28,838.5
2019-06-03,21.39,11.61,839.6
2019-06-04,16.17,12.44,842.6
2019-06-05,17.44,11.39,841.6
2019-06-06,16.11,11.61,842.2
2019-06-07,18.0,12.56,842.2
2019-06-08,20.06,13.0,841.4
2019-06-09,21.94,12.67,839.4
2019-06-10,21.72,13.94,835.8
2019-06-11,17.78,13.28,838.5
2019-06-12,15.67,11.44,838.9
2019-06-13,20.5,12.17,839.1
2019-06-14,20.89,12.39,837.1
2019-06-15,19.0,12.17,838.3
2019-06-16,20.44,12.22,836.5
2019-06-17,20.56,11.56,835.4
2019-06-18,18.5,11.11,835.6
2019-06-19,20.89,11.33,836.0
2019-06-20,20.67,11.83,837.0
2019-06-21,20.06,12.11,839.2
2019-06-22,20.83,11.39,839.0
2019-06-23,18.83,12.94,840.4
2019-06-24,19.5,13.78,840.5
2019-06-25,21.22,12.11,839.8
2019-06-26,20.5,10.94,837.7
2019-06-27,18.83,12.28,836.5
2019-06-28,20.56,13.0,836.0
2019-06-29,23.0,13.17,834.3
2019-06-30,23.39,13.83,834.4
2019-07-01,19.78,13.39,836.4
2019-07-02,22.39,13.89,836.4
2019-07-03,25.22,15.33,835.1
2019-07-04,25.0,13.5,832.8
2019-07-05,25.06,15.22,831.1
2019-07-06,23.22,16.06,831.2
2019-07-07,24.94,17.72,831.2
2019-07-08,26.78,18.0,830.0
2019-07-09,25.33,18.72,829.5
2019-07-10,25.78,18.06,829.7
2019-07-11,25.56,16.22,830.3
2019-07-12,26.22,17.22,831.9
2019-07-13,26.11,16.94,831.3
2019-07-14,26.0,15.22,830.1
2019-07-15,23.78,15.56,830.3
2019-07-16,23.78,15.83,832.7
2019-07-17,26.17,16.56,833.0
2019-07-18,23.44,17.11,834.8
2019-07-19,23.17,15.72,836.4
2019-07-20,25.5,15.78,836.9
2019-07-21,26.56,17.11,835.8
2019-07-22,25.22,17.28,835.1
2019-07-23,26.72,18.5,833.4
2019-07-24,27.67,19.67,831.4
2019-07-25,22.0,18.89,833.5
2019-07-26,22.89,18.56,832.4
2019-07-27,21.94,18.44,833.8
2019-07-28,21.06,18.78,837.4
2019-07-29,23.78,18.61,837.0
2019-07-30,26.56,19.67,834.0
2019-07-31,25.78,20.5,832.4
2019-08-01,21.22,18.61,833.6
2019-08-02,24.5,17.67,832.3
2019-08-03,23.56,18.06,833.5
2019-08-04,25.94,18.72,832.1
2019-08-05,27.28,19.06,830.4
2019-08-06,26.39,19.06,829.7
2019-08-07,24.72,19.61,831.8
2019-08-08,,,
2019-08-09,,,
2019-08-10,23.56,19.39,835.3
2019-08-11,25.67,19.44,834.8
2019-08-12,26.67,19.44,833.4
2019-08-13,25.11,20.11,834.0
2019-08-14,21.22,19.17,836.8
2019-08-15,23.67,19.22,835.5
2019-08-16,23.28,17.94,834.1
2019-08-17,19.17,15.06,837.0
2019-08-18,21.11,15.17,836.9
2019-08-19,18.06,14.22,841.2
2019-08-20,21.0,13.89,839.9
2019-08-21,22.56,13.22,837.7
2019-08-22,21.78,13.78,837.3
2019-08-23,23.44,13.67,837.5
2019-08-24,23.78,15.06,836.7
2019-08-25,23.67,16.22,836.8
2019-08-26,22.61,17.0,838.4
2019-08-27,23.28,17.5,838.1
2019-08-28,23.56,18.44,839.3
2019-08-29,23.33,16.94,838.9
2019-08-30,23.44,17.56,836.4
2019-08-31,23.61,18.0,834.7
2019-09-01,24.78,17.11,835.7
2019-09-02,24.33,16.72,836.4
2019-09-03,24.61,16.56,835.0
2019-09-04,24.61,16.61,834.3
2019-09-05,24.83,16.56,835.1
2019-09-06,24.0,16.22,834.4
2019-09-07,21.28,14.72,836.0
2019-09-08,23.11,13.67,837.2
2019-09-09,22.28,13.11,835.8
2019-09-10,22.28,12.67,835.5
2019-09-11,22.5,12.28,837.3
2019-09-12,22.5,13.0,837.9
2019-09-13,22.56,11.94,838.5
2019-09-14,21.83,12.5,838.5
2019-09-15,21.11,11.5,838.3
2019-09-16,21.11,10.61,836.8
2019-09-17,21.06,9.11,838.1
2019-09-18,20.78,10.5,841.0
2019-09-19,21.56,11.61,841.4
2019-09-20,20.5,12.11,841.3
2019-09-21,20.22,12.11,841.0
2019-09-22,20.94,12.5,841.1
2019-09-23,21.06,14.0,841.8
2019-09-24,22.72,15.39,841.7
2019-09-25,23.0,15.56,843.1
2019-09-26,23.0,15.39,843.0
2019-09-27,22.0,15.06,841.7
2019-09-28,19.61,13.72,840.9
2019-09-29,20.06,12.67,841.5
2019-09-30,20.72,12.78,839.5
2019-10-01,16.5,11.28,841.9
2019-10-02,17.06,11.06,842.5
2019-10-03,15.78,9.94,842.5
2019-10-04,12.89,10.56,844.8
2019-10-05,14.28,9.83,844.5
2019-10-06,14.72,10.22,843.9
2019-10-07,13.33,9.5,847.0
2019-10-08,14.72,9.78,845.1
2019-10-09,15.17,8.56,843.7
2019-10-10,15.56,8.11,843.5
2019-10-11,15.11,8.61,842.0
2019-10-12,15.67,8.44,843.1
2019-10-13,15.89,8.94,843.3
2019-10-14,15.94,9.11,843.5
2019-10-15,16.5,9.11,844.3
2019-10-16,16.83,10.44,844.4
2019-10-17,16.06,10.17,844.8
2019-10-18,11.78,7.83,847.8
2019-10-19,12.83,7.06,848.3
2019-10-20,12.28,6.17,846.5
2019-10-21,12.22,6.67,844.5
2019-10-22,12.11,6.39,842.1
2019-10-23,12.67,5.44,841.9
2019-10-24,12.17,5.06,843.8
2019-10-25,11.33,4.72,844.1
2019-10-26,11.44,4.39,845.4
2019-10-27,11.56,4.5,845.0
2019-10-28,11.78,5.56,845.3
2019-10-29,12.28,6.5,845.1
2019-10-30,12.83,6.94,844.0
2019-10-31,14.0,6.83,844.6
2019-11-01,12.0,7.39,844.4
2019-11-02,13.22,6.72,845.2
2019-11-03,10.94,7.61,846.1
2019-11-04,11.0,5.67,845.9
2019-11-05,10.67,5.67,841.3
2019-11-06,5.11,3.17,840.8
2019-11-07,0.72,-0.06,842.4
2019-11-08,2.83,1.0,846.8
2019-11-09,3.28,1.0,850.4
2019-11-10,2.5,1.06,849.4
2019-11-11,2.33,0.33,848.4
2019-11-12,3.44,0.39,849.9
2019-11-13,3.94,1.11,850.5
2019-11-14,5.11,2.83,850.3
2019-11-15,5.56,3.72,848.3
2019-11-16,6.22,4.89,848.2
2019-11-17,8.5,5.44,849.3
2019-11-18,8.39,4.56,847.5
2019-11-19,7.94,3.11,846.2
2019-11-20,7.61,3.61,845.4
2019-11-21,6.67,4.67,848.4
2019-11-22,4.89,3.83,847.8
2019-11-23,6.39,4.5,847.4
2019-11-24,8.56,4.89,846.0
2019-11-25,7.94,4.06,845.1
2019-11-26,7.06,4.0,845.1
2019-11-27,3.61,2.22,843.8
2019-11-28,3.28,1.72,847.0
2019-11-29,5.33,2.17,846.8
2019-11-30,5.67,1.61,847.8
2019-12-01,4.22,-0.39,847.2
2019-12-02,4.39,-0.28,848.4
2019-12-03,3.39,-0.06,849.5
2019-12-04,3.39,-0.56,850.4
2019-12-05,3.83,-1.56,851.7
2019-12-06,2.61,-1.17,851.7
2019-12-07,0.67,-1.06,850.6
2019-12-08,-0.22,-2.17,850.2
2019-12-09,0.72,-0.83,847.9
2019-12-10,0.56,-0.56,844.9
2019-12-11,2.44,0.67,842.3
2019-12-12,2.56,1.39,840.4
2019-12-13,1.44,0.06,838.5
2019-12-14,2.44,0.94,844.7
2019-12-15,2.94,-0.72,847.2
2019-12-16,2.39,-2.22,848.7
2019-12-17,1.89,-4.11,850.7
2019-12-18,1.67,-3.44,849.1
2019-12-19,2.72,-2.0,844.7
2019-12-20,0.83,-0.94,843.2
2019-12-21,3.78,0.94,845.8
2019-12-22,4.67,-0.78,847.4
2019-12-23,3.94,-2.11,845.4
2019-12-24,2.22,-3.44,845.9
2019-12-25,0.94,-3.22,845.2
2019-12-26,1.39,-3.61,845.4
2019-12-27,-0.28,-4.39,847.1
2019-12-28,0.67,-4.72,847.1
2019-12-29,0.33,-3.94,846.6
2019-12-30,0.72,-3.72,844.4
2019-12-31,1.5,-2.17,845.0
2020-01-01,1.67,-2.78,848.0
2020-01-02,2.78,-2.56,849.4
2020-01-03,2.17,-2.67,844.4
2020-01-04,3.56,-0.44,842.3
2020-01-05,2.33,-1.28,844.9
2020-01-06,0.89,-0.22,843.8
2020-01-07,1.39,0.11,839.4
2020-01-08,1.67,-0.5,839.1
2020-01-09,1.56,-3.28,846.5
2020-01-10,0.61,-3.33,849.6
2020-01-11,0.0,-2.89,849.8
2020-01-12,0.44,-0.72,847.4
2020-01-13,0.5,-0.44,834.7
2020-01-14,1.28,-0.72,842.1
2020-01-15,0.89,0.0,843.7
2020-01-16,1.67,0.0,844.2
2020-01-17,1.56,-0.39,844.3
2020-01-18,1.61,-2.5,845.5
2020-01-19,1.56,-3.5,846.9
2020-01-20,1.72,-3.61,844.2
2020-01-21,1.78,-0.78,844.1
2020-01-22,2.33,-0.5,847.5
2020-01-23,2.94,-2.5,847.7
2020-01-24,1.22,-3.5,846.8
2020-01-25,1.33,-1.94,844.3
2020-01-26,3.22,-0.33,843.0
2020-01-27,4.61,-0.94,840.4
2020-01-28,2.22,0.56,838.3
2020-01-29,2.5,0.5,842.1
2020-01-30,2.56,-1.22,843.8
2020-01-31,2.33,-2.83,840.9
2020-02-01,3.56,-1.72,844.1
2020-02-02,1.83,-3.83,846.9
2020-02-03,1.28,-3.44,844.4
2020-02-04,2.44,-3.28,841.9
2020-02-05,3.17,-2.94,842.7
2020-02-06,3.5,-2.33,840.5
2020-02-07,3.39,-1.78,845.8
2020-02-08,3.56,-3.17,849.1
2020-02-09,3.5,-2.94,848.2
2020-02-10,4.78,-3.33,846.4
2020-02-11,4.11,-0.67,848.8
2020-02-12,5.22,2.22,850.0
2020-02-13,5.89,3.06,844.6
2020-02-14,6.22,3.44,843.5
2020-02-15,5.22,2.61,844.4
2020-02-16,7.17,1.33,845.5
2020-02-17,7.17,-0.61,847.1
2020-02-18,7.56,-0.56,843.3
2020-02-19,6.78,1.22,841.5
2020-02-20,5.83,3.39,845.4
2020-02-21,7.67,1.72,846.7
2020-02-22,7.89,0.28,848.2
2020-02-23,8.39,0.22,845.9
2020-02-24,8.83,-0.89,842.9
2020-02-25,8.5,-1.44,842.1
2020-02-26,10.44,-2.56,843.0
2020-02-27,11.22,-0.56,842.7
2020-02-28,7.72,3.72,843.5
2020-02-29,6.89,4.5,843.3
2020-03-01,8.78,4.0,843.9
2020-03-02,10.33,2.61,842.1
2020-03-03,11.61,2.06,839.7
2020-03-04,9.61,2.83,839.1
2020-03-05,7.0,4.06,839.1
2020-03-06,6.22,4.06,837.4
2020-03-07,7.5,3.83,838.4
2020-03-08,6.33,3.11,844.1
2020-03-09,7.5,2.11,842.8
2020-03-10,9.28,2.28,839.4
2020-03-11,10.67,0.89,837.7
2020-03-12,6.39,3.0,841.3
2020-03-13,6.61,2.94,843.4
2020-03-14,8.11,2.72,842.9
2020-03-15,10.0,2.33,844.5
2020-03-16,11.61,2.11,844.0
2020-03-17,12.28,2.61,844.5
2020-03-18,12.61,2.33,843.2
2020-03-19,12.67,2.5,840.6
2020-03-20,13.28,3.0,840.6
2020-03-21,9.83,5.28,842.1
2020-03-22,11.83,4.78,843.5
2020-03-23,13.44,3.83,842.2
2020-03-24,9.17,6.5,841.9
2020-03-25,9.17,6.5,844.3
2020-03-26,10.61,5.78,844.5
2020-03-27,7.17,5.56,840.8
2020-03-28,7.67,4.39,843.2
2020-03-29,11.0,4.39,843.3
2020-03-30,11.67,3.67,844.3
2020-03-31,10.11,6.06,842.6
2020-04-01,10.44,5.56,842.6
2020-04-02,9.06,3.78,842.8
2020-04-03,10.94,3.44,843.4
2020-04-04,13.56,4.28,842.6
2020-04-05,13.22,4.56,843.6
2020-04-06,12.67,6.5,844.8
2020-04-07,9.83,5.33,842.5
2020-04-08,10.67,5.56,844.6
2020-04-09,13.06,6.56,842.9
2020-04-10,13.67,8.39,845.1
2020-04-11,15.89,7.61,846.0
2020-04-12,16.83,7.83,843.1
2020-04-13,16.89,8.28,842.6
2020-04-14,16.22,9.28,843.4
2020-04-15,13.0,9.5,845.0
2020-04-16,15.0,9.22,842.3
2020-04-17,11.44,8.33,840.9
2020-04-18,9.83,7.72,841.7
2020-04-19,10.67,7.28,842.9
2020-04-20,12.72,6.78,842.3
2020-04-21,14.44,5.78,840.8
2020-04-22,15.44,6.06,839.9
2020-04-23,16.44,6.5,839.4
2020-04-24,18.11,7.39,837.9
2020-04-25,17.28,9.17,838.6
2020-04-26,18.56,9.0,839.6
2020-04-27,16.28,9.78,842.5
2020-04-28,17.56,9.83,842.8
2020-04-29,20.44,10.22,840.5
2020-04-30,20.39,10.61,841.1
2020-05-01,19.78,10.78,840.6
2020-05-02,16.78,10.22,841.9
2020-05-03,14.94,10.39,842.0
2020-05-04,16.89,10.5,841.6
2020-05-05,16.39,8.72,840.2
2020-05-06,14.56,6.39,840.8
2020-05-07,16.0,7.22,841.2
2020-05-08,19.11,9.11,839.7
2020-05-09,19.06,10.22,841.9
2020-05-10,17.61,11.28,842.5
2020-05-11,16.78,10.61,842.9
2020-05-12,17.61,10.61,841.6
2020-05-13,18.78,11.61,839.3
2020-05-14,13.61,10.56,841.1
2020-05-15,16.78,10.89,841.3
2020-05-16,19.33,10.0,838.9
2020-05-17,19.17,8.56,837.7
2020-05-18,15.89,8.72,838.6
2020-05-19,17.22,7.11,838.9
2020-05-20,18.28,8.39,838.1
2020-05-21,19.61,9.39,837.0
2020-05-22,20.61,10.06,837.6
2020-05-23,18.33,9.94,841.6
2020-05-24,19.5,11.67,840.9
2020-05-25,22.0,11.0,838.6
2020-05-26,22.61,10.0,837.6
2020-05-27,22.33,9.28,836.4
2020-05-28,19.28,11.17,836.8
2020-05-29,18.56,11.11,838.4
2020-05-30,16.39,11.67,839.3
2020-05-31,14.33,12.5,840.7
2020-06-01,17.44,11.06,840.0
2020-06-02,17.0,11.33,838.9
2020-06-03,18.5,11.83,838.0
2020-06-04,19.89,11.44,837.0
2020-06-05,20.78,12.33,834.6
2020-06-06,20.06,13.44,834.8
2020-06-07,21.56,13.94,835.4
2020-06-08,21.33,14.17,836.9
2020-06-09,21.0,12.5,838.4
2020-06-10,21.94,13.06,837.4
2020-06-11,19.39,12.56,838.0
2020-06-12,19.44,12.22,838.1
2020-06-13,19.28,12.94,837.7
2020-06-14,21.94,12.67,837.5
2020-06-15,21.94,11.5,835.5
2020-06-16,22.56,11.83,833.7
2020-06-17,23.5,13.17,833.0
2020-06-18,24.28,12.61,834.0
2020-06-19,21.5,12.11,836.5
2020-06-20,21.94,11.67,837.0
2020-06-21,22.56,13.44,835.5
2020-06-22,24.28,14.28,834.3
2020-06-23,25.0,15.0,836.6
2020-06-24,25.06,14.61,836.9
2020-06-25,23.56,15.0,834.9
2020-06-26,24.06,15.44,833.8
2020-06-27,25.78,14.28,833.3
2020-06-28,22.39,14.44,835.0
2020-06-29,22.67,14.22,837.1
2020-06-30,24.56,13.67,836.0
2020-07-01,25.61,15.17,834.5
2020-07-02,27.17,14.78,833.0
2020-07-03,26.83,14.67,832.8
2020-07-04,25.67,11.78,831.9
2020-07-05,24.33,11.72,832.1
2020-07-06,22.72,11.44,834.2
2020-07-07,24.39,12.61,835.9
2020-07-08,25.83,15.72,835.9
2020-07-09,26.17,16.06,832.5
2020-07-10,24.94,13.78,831.8
2020-07-11,23.89,12.33,831.6
2020-07-12,22.83,13.17,833.4
2020-07-13,23.61,14.0,833.7
2020-07-14,25.28,13.39,834.7
2020-07-15,25.44,13.0,834.6
2020-07-16,24.61,15.89,834.7
2020-07-17,25.06,16.22,835.5
2020-07-18,26.83,16.39,835.6
2020-07-19,25.28,16.61,832.8
2020-07-20,24.56,14.61,830.6
2020-07-21,18.33,14.5,835.8
2020-07-22,21.28,13.5,836.4
2020-07-23,23.94,15.17,834.0
2020-07-24,26.39,17.0,837.0
2020-07-25,25.72,18.0,838.6
2020-07-26,26.11,17.89,838.2
2020-07-27,26.83,17.28,835.1
2020-07-28,27.39,16.94,833.8
2020-07-29,25.22,16.11,834.0
2020-07-30,25.78,16.78,835.9
2020-07-31,25.06,16.78,834.7
2020-08-01,24.89,17.22,835.3
2020-08-02,26.56,15.78,833.2
2020-08-03,25.5,14.28,829.7
2020-08-04,25.83,15.72,829.2
2020-08-05,25.83,15.94,832.0
2020-08-06,26.44,17.28,835.7
2020-08-07,28.61,18.11,834.6
2020-08-08,28.0,18.83,832.1
2020-08-09,24.78,19.67,832.7
2020-08-10,25.72,19.28,833.3
2020-08-11,27.0,17.61,832.3
2020-08-12,28.5,17.44,831.1
2020-08-13,26.94,18.67,830.5
2020-08-14,27.83,18.39,830.7
2020-08-15,28.28,18.0,830.8
2020-08-16,29.11,18.11,830.8
2020-08-17,29.11,19.11,831.3
2020-08-18,24.89,18.67,833.3
2020-08-19,24.94,17.11,832.4
2020-08-20,22.39,18.33,835.4
2020-08-21,21.5,17.72,837.2
2020-08-22,23.83,15.0,836.4
2020-08-23,24.94,17.17,834.4
2020-08-24,27.44,18.28,834.0
2020-08-25,27.17,18.67,835.0
2020-08-26,19.78,18.17,839.4
2020-08-27,18.11,16.89,838.1
2020-08-28,19.72,16.78,836.8
2020-08-29,22.61,16.83,836.2
2020-08-30,22.5,16.56,836.6
2020-08-31,19.44,17.0,839.0
2020-09-01,22.5,17.72,838.5
2020-09-02,23.83,17.72,839.9
2020-09-03,22.94,17.33,841.2
2020-09-04,19.11,17.06,841.8
2020-09-05,21.67,17.33,838.8
2020-09-06,21.33,16.22,837.5
2020-09-07,20.22,14.33,839.7
2020-09-08,21.33,14.89,839.3
2020-09-09,22.5,14.39,838.6
2020-09-10,20.17,14.06,836.2
2020-09-11,20.22,14.17,837.5
2020-09-12,21.44,13.11,839.5
2020-09-13,21.83,13.78,839.2
2020-09-14,22.17,14.0,838.3
2020-09-15,21.89,13.78,838.2
2020-09-16,21.56,11.83,838.6
2020-09-17,20.89,11.61,837.5
2020-09-18,20.56,11.5,837.0
2020-09-19,19.83,9.44,837.5
2020-09-20,19.17,9.06,837.6
2020-09-21,19.22,10.28,837.0
2020-09-22,19.61,10.78,836.2
2020-09-23,19.56,10.67,835.8
2020-09-24,19.5,9.67,837.4
2020-09-25,19.28,7.78,836.7
2020-09-26,16.56,7.61,838.1
2020-09-27,16.06,9.06,840.9
2020-09-28,17.06,9.83,840.7
2020-09-29,17.22,7.89,839.8
2020-09-30,16.61,7.56,839.1
2020-10-01,16.78,7.83,838.9
2020-10-02,16.5,7.61,839.0
2020-10-03,16.78,8.11,840.0
2020-10-04,16.39,6.83,840.7
2020-10-05,15.83,7.11,841.0
2020-10-06,15.78,6.78,840.8
2020-10-07,15.78,7.33,842.4
2020-10-08,15.83,7.17,842.6
2020-10-09,15.83,6.44,842.7
2020-10-10,15.28,6.44,842.0
2020-10-11,14.44,5.67,839.8
2020-10-12,16.06,5.94,838.8
2020-10-13,15.56,5.61,840.0
2020-10-14,14.72,6.61,840.5
2020-10-15,15.28,6.61,840.5
2020-10-16,13.56,7.5,840.4
2020-10-17,14.22,6.94,840.5
2020-10-18,14.22,6.17,840.2
2020-10-19,13.56,6.22,839.7
2020-10-20,13.0,5.83,839.2
2020-10-21,13.72,5.06,840.0
2020-10-22,12.72,5.44,839.6
2020-10-23,13.39,5.0,839.5
2020-10-24,12.17,3.89,840.0
2020-10-25,9.06,3.06,843.7
2020-10-26,9.5,2.33,845.5
2020-10-27,9.67,2.44,843.8
2020-10-28,9.5,2.56,843.5
2020-10-29,10.17,1.5,843.8
2020-10-30,9.28,0.83,845.0
2020-10-31,10.83,2.11,845.9
2020-11-01,9.83,4.94,846.4
2020-11-02,10.61,4.33,845.9
2020-11-03,10.39,3.5,844.2
2020-11-04,10.33,3.61,842.7
2020-11-05,10.67,1.89,844.7
2020-11-06,8.94,1.67,847.7
2020-11-07,8.39,0.33,848.2
2020-11-08,7.5,0.33,847.9
2020-11-09,7.17,0.83,846.1
2020-11-10,6.83,0.83,846.3
2020-11-11,6.56,1.28,847.8
2020-11-12,6.5,1.5,848.3
2020-11-13,7.72,1.61,846.3
2020-11-14,7.28,3.61,844.9
2020-11-15,5.28,3.5,843.1
2020-11-16,5.72,3.44,845.8
2020-11-17,7.28,1.39,844.6
2020-11-18,5.72,0.17,841.0
2020-11-19,4.94,0.22,841.2
2020-11-20,5.33,0.67,844.7
2020-11-21,5.22,-0.11,844.0
2020-11-22,4.72,-1.39,845.5
2020-11-23,2.22,1.22,845.1
2020-11-24,3.56,2.0,845.4
2020-11-25,3.94,2.06,844.7
2020-11-26,5.0,2.11,849.4
2020-11-27,5.44,0.72,853.7
2020-11-28,3.94,0.22,851.8
2020-11-29,5.67,2.17,849.0
2020-11-30,5.72,2.44,848.0
2020-12-01,6.39,2.89,847.6
2020-12-02,5.17,2.11,846.5
2020-12-03,4.0,1.33,844.6
2020-12-04,5.61,1.89,843.6
2020-12-05,6.39,3.5,843.9
2020-12-06,7.22,3.67,847.0
2020-12-07,6.78,4.11,847.7
2020-12-08,4.5,3.11,846.4
2020-12-09,5.67,3.5,845.5
2020-12-10,6.22,3.89,845.7
2020-12-11,6.0,2.83,842.6
2020-12-12,3.17,0.83,841.4
2020-12-13,3.44,0.72,841.5
2020-12-14,4.06,-0.83,841.4
2020-12-15,3.11,-2.72,842.0
2020-12-16,1.61,-4.22,844.4
2020-12-17,1.0,-5.0,846.3
2020-12-18,0.33,-5.17,847.5
2020-12-19,0.11,-4.28,849.5
2020-12-20,0.94,-3.39,849.9
2020-12-21,1.83,-3.06,846.9
2020-12-22,1.44,-3.94,845.1
2020-12-23,1.33,-3.33,843.6
2020-12-24,2.17,-2.17,843.1
2020-12-25,1.61,-2.61,845.7
2020-12-26,1.33,-2.72,843.0
2020-12-27,2.94,-3.33,836.6
2020-12-28,4.83,-0.5,840.3
2020-12-29,1.89,-0.22,843.7
2020-12-30,1.5,-2.78,847.1
2020-12-31,0.61,-3.22,849.1
2021-01-01,0.28,-4.22,847.7
2021-01-02,1.39,-2.78,846.7
2021-01-03,1.06,-0.11,846.5
2021-01-04,1.33,0.11,848.1
2021-01-05,0.72,0.0,843.3
2021-01-06,1.33,0.28,844.2
2021-01-07,1.89,0.17,843.7
2021-01-08,2.06,-1.56,841.9
2021-01-09,0.22,-1.78,844.5
2021-01-10,1.61,-0.39,845.4
2021-01-11,2.11,-1.56,847.2
2021-01-12,0.39,-3.83,849.1
2021-01-13,-1.5,-4.39,848.5
2021-01-14,-0.94,-4.33,848.4
2021-01-15,-1.78,-4.44,845.9
2021-01-16,-1.44,-4.83,845.5
2021-01-17,-0.5,-4.28,844.6
2021-01-18,0.56,-3.0,845.2
2021-01-19,1.11,-3.28,843.8
2021-01-20,1.61,-2.5,844.1
2021-01-21,-0.17,-3.72,844.8
2021-01-22,0.28,-3.28,841.5
2021-01-23,0.56,-0.61,838.3
2021-01-24,1.0,-1.78,845.6
2021-01-25,0.17,-3.28,847.3
2021-01-26,0.89,-2.61,846.8
2021-01-27,-0.67,-3.33,847.0
2021-01-28,-2.33,-3.67,846.8
2021-01-29,-3.56,-5.39,847.4
2021-01-30,-3.83,-5.17,846.9
2021-01-31,-3.28,-4.11,847.8
2021-02-01,-0.33,-2.33,850.2
2021-02-02,0.22,-1.56,847.5
2021-02-03,1.33,-0.22,846.1
2021-02-04,2.56,0.06,844.4
2021-02-05,3.0,-0.56,845.1
2021-02-06,3.5,-1.39,847.0
2021-02-07,2.78,-2.78,848.5
2021-02-08,2.67,-1.17,848.1
2021-02-09,2.5,-0.61,843.5
2021-02-10,4.78,-1.0,844.6
2021-02-11,,,
2021-02-12,,,
2021-02-13,5.78,-0.06,843.6
2021-02-14,6.5,-0.22,843.6
2021-02-15,6.39,-0.56,842.0
2021-02-16,7.06,-1.61,842.6
2021-02-17,6.67,-1.11,843.2
2021-02-18,7.5,-1.72,846.1
2021-02-19,7.61,-1.94,848.3
2021-02-20,,,
2021-02-21,8.78,2.0,845.7
2021-02-22,9.06,3.22,844.2
2021-02-23,10.17,6.0,842.2
2021-02-24,11.39,3.89,841.6
2021-02-25,10.94,4.78,841.6
2021-02-26,9.78,5.72,837.0
2021-02-27,3.72,2.83,837.9
2021-02-28,6.0,2.78,843.3
2021-03-01,7.72,2.5,845.1
2021-03-02,8.61,1.33,845.1
2021-03-03,10.5,2.67,841.9
2021-03-04,11.89,2.39,842.5
2021-03-05,11.33,1.61,842.5
2021-03-06,10.89,0.56,842.0
2021-03-07,11.11,5.39,841.8
2021-03-08,5.72,4.39,847.4
2021-03-09,8.0,4.67,847.4
2021-03-10,8.17,5.61,845.8
2021-03-11,6.0,4.72,847.0
2021-03-12,3.78,2.89,849.4
2021-03-13,7.61,4.17,849.8
2021-03-14,7.78,4.89,845.9
2021-03-15,10.11,5.11,844.9
2021-03-16,11.72,5.67,843.8
2021-03-17,11.89,5.11,842.7
2021-03-18,11.39,4.56,843.9
2021-03-19,13.44,3.11,843.2
2021-03-20,13.33,3.17,841.1
2021-03-21,10.89,5.89,840.3
2021-03-22,7.94,6.33,843.0
2021-03-23,7.28,6.33,843.8
2021-03-24,5.72,4.06,846.5
2021-03-25,9.39,4.72,846.3
2021-03-26,11.33,5.28,844.1
2021-03-27,15.39,7.39,842.3
2021-03-28,17.22,8.28,838.9
2021-03-29,12.0,9.56,837.6
2021-03-30,12.5,7.0,836.3
2021-03-31,12.5,4.44,834.9
2021-04-01,13.5,1.06,833.6
2021-04-02,12.67,-4.33,835.8
2021-04-03,11.72,-2.61,841.9
2021-04-04,12.33,1.33,844.2
2021-04-05,11.56,7.0,843.8
2021-04-06,9.61,7.94,840.7
2021-04-07,11.5,5.83,843.3
2021-04-08,12.5,3.56,841.0
2021-04-09,13.22,2.22,843.2
2021-04-10,12.33,3.56,845.1
2021-04-11,9.89,5.72,847.5
2021-04-12,12.06,7.22,847.7
2021-04-13,13.83,7.94,845.6
2021-04-14,13.72,8.0,844.8
2021-04-15,9.17,7.83,845.4
2021-04-16,10.11,7.67,843.0
2021-04-17,8.78,7.28,842.7
2021-04-18,10.5,7.22,844.4
2021-04-19,12.94,6.17,842.3
2021-04-20,14.06,5.67,839.5
2021-04-21,12.94,6.56,839.9
2021-04-22,6.94,5.78,842.2
2021-04-23,9.11,5.44,841.9
2021-04-24,12.89,4.83,845.0
2021-04-25,14.61,4.94,844.3
2021-04-26,16.0,5.39,843.0
2021-04-27,19.0,6.06,842.9
2021-04-28,20.28,6.89,843.8
2021-04-29,19.11,8.89,843.6
2021-04-30,17.17,8.39,843.9
2021-05-01,17.33,9.5,842.9
2021-05-02,19.28,9.56,841.2
2021-05-03,20.11,10.56,838.8
2021-05-04,18.0,11.5,839.2
2021-05-05,16.5,12.11,841.0
2021-05-06,16.78,11.17,841.4
2021-05-07,17.17,10.56,841.8
2021-05-08,17.78,10.0,840.7
2021-05-09,18.17,10.39,839.7
2021-05-10,19.28,10.11,837.9
2021-05-11,15.0,11.67,839.4
2021-05-12,15.72,11.5,836.4
2021-05-13,15.0,10.33,836.8
2021-05-14,16.28,9.67,837.4
2021-05-15,15.78,8.5,840.4
2021-05-16,16.06,10.56,843.4
2021-05-17,17.17,11.28,842.6
2021-05-18,18.0,10.72,841.0
2021-05-19,19.11,10.39,837.1
2021-05-20,16.72,9.5,837.1
2021-05-21,15.33,9.67,840.4
2021-05-22,16.44,9.33,840.5
2021-05-23,13.28,9.72,841.9
2021-05-24,16.06,9.11,841.2
2021-05-25,17.17,8.11,839.0
2021-05-26,18.39,8.94,837.4
2021-05-27,20.5,10.11,837.5
2021-05-28,22.67,11.39,837.5
2021-05-29,21.11,11.0,839.2
2021-05-30,21.44,12.0,837.8
2021-05-31,18.0,11.89,836.6
2021-06-01,17.0,12.28,837.8
2021-06-02,20.44,13.67,837.9
2021-06-03,20.06,13.72,839.4
2021-06-04,21.44,15.94,839.2
2021-06-05,23.44,19.28,837.3
2021-06-06,24.56,16.72,837.1
2021-06-07,25.33,17.89,835.7
2021-06-08,26.39,18.5,834.5
2021-06-09,28.17,19.61,833.0
2021-06-10,27.11,18.33,832.1
2021-06-11,24.11,15.39,833.9
2021-06-12,23.06,14.72,834.2
2021-06-13,20.89,13.61,834.7
2021-06-14,21.33,14.44,832.7
2021-06-15,18.67,14.11,831.5
2021-06-16,19.33,13.11,833.5
2021-06-17,17.44,13.28,836.7
2021-06-18,19.61,13.44,836.2
2021-06-19,22.33,14.72,834.5
2021-06-20,21.89,15.06,835.8
2021-06-21,21.22,14.72,837.9
2021-06-22,21.22,14.28,837.5
2021-06-23,23.33,14.83,837.4
2021-06-24,21.56,14.17,837.5
2021-06-25,20.0,13.72,836.8
2021-06-26,20.28,14.5,838.4
2021-06-27,21.89,16.0,840.2
2021-06-28,23.89,15.44,838.3
2021-06-29,25.06,14.33,835.7
2021-06-30,26.11,13.17,833.8
2021-07-01,22.94,13.0,833.8
2021-07-02,21.44,13.89,834.9
2021-07-03,20.94,14.06,836.5
2021-07-04,22.94,13.78,836.9
2021-07-05,22.5,14.78,838.0
2021-07-06,24.06,14.5,836.2
2021-07-07,23.89,13.94,835.3
2021-07-08,24.67,15.11,834.5
2021-07-09,27.06,17.78,834.1
2021-07-10,27.61,20.11,833.8
2021-07-11,28.28,19.83,834.4
2021-07-12,21.72,18.22,837.9
2021-07-13,20.94,18.22,838.2
2021-07-14,21.56,17.61,837.8
2021-07-15,24.28,17.0,837.6
2021-07-16,25.94,17.56,837.7
2021-07-17,27.78,18.89,834.7
2021-07-18,29.0,20.17,831.4
2021-07-19,22.67,18.06,832.5
2021-07-20,21.0,17.78,832.8
2021-07-21,18.5,16.67,833.0
2021-07-22,21.78,16.39,832.6
2021-07-23,23.67,17.11,833.6
2021-07-24,26.33,19.17,833.6
2021-07-25,28.22,20.44,831.8
2021-07-26,27.89,21.39,829.9
2021-07-27,28.22,21.22,827.3
2021-07-28,22.28,19.61,830.6
2021-07-29,24.0,19.22,831.1
2021-07-30,23.28,19.06,833.3
2021-07-31,23.61,18.94,834.3
2021-08-01,23.89,18.28,832.5
2021-08-02,24.22,17.89,833.8
2021-08-03,25.11,18.72,834.1
2021-08-04,24.06,17.28,835.0
2021-08-05,23.56,17.0,834.5
2021-08-06,21.61,17.56,836.4
2021-08-07,23.33,19.78,836.8
2021-08-08,23.17,19.56,837.3
2021-08-09,23.56,19.0,837.4
2021-08-10,23.89,19.39,835.1
2021-08-11,25.17,20.17,835.2
2021-08-12,25.11,20.17,835.9
2021-08-13,24.61,19.56,834.0
2021-08-14,23.06,18.39,833.3
2021-08-15,17.28,15.22,838.0
2021-08-16,19.83,16.39,839.9
2021-08-17,21.78,16.94,838.2
2021-08-18,22.89,17.94,836.1
2021-08-19,24.0,19.5,834.9
2021-08-20,24.22,18.89,837.2
2021-08-21,23.5,18.11,839.1
2021-08-22,23.78,19.33,837.9
2021-08-23,25.0,20.39,835.5
2021-08-24,25.83,21.0,834.0
2021-08-25,25.39,17.22,832.4
2021-08-26,25.39,18.44,831.6
2021-08-27,25.28,16.78,833.5
2021-08-28,21.28,15.83,835.9
2021-08-29,21.5,13.33,837.0
2021-08-30,21.0,13.28,839.2
2021-08-31,20.89,13.83,841.0
2021-09-01,22.33,15.56,839.9
2021-09-02,22.22,13.39,838.2
2021-09-03,23.06,13.17,836.6
2021-09-04,23.22,14.44,836.1
2021-09-05,24.06,15.72,836.1
2021-09-06,24.61,17.11,837.6
2021-09-07,24.89,16.56,838.3
2021-09-08,20.78,16.67,838.1
2021-09-09,22.56,16.22,837.1
2021-09-10,21.61,17.0,838.0
2021-09-11,19.17,17.06,839.1
2021-09-12,19.72,14.56,836.9
2021-09-13,21.67,15.61,837.1
2021-09-14,22.17,15.44,839.0
2021-09-15,22.22,15.06,839.1
2021-09-16,22.44,15.11,836.5
2021-09-17,23.06,16.11,836.2
2021-09-18,23.61,16.61,838.2
2021-09-19,24.17,17.06,839.3
2021-09-20,22.44,16.56,838.8
2021-09-21,20.72,15.39,838.2
2021-09-22,21.5,13.56,837.8
2021-09-23,18.89,13.44,840.3
2021-09-24,18.72,14.67,841.6
2021-09-25,21.0,13.28,839.3
2021-09-26,20.94,14.28,838.9
2021-09-27,22.22,15.28,839.7
2021-09-28,22.5,15.89,840.2
2021-09-29,22.11,16.0,841.0
2021-09-30,22.5,16.33,841.1
2021-10-01,23.06,16.17,840.2
2021-10-02,20.94,14.72,839.3
2021-10-03,19.44,14.5,839.5
2021-10-04,18.5,12.11,838.9
2021-10-05,17.78,12.11,842.2
2021-10-06,17.72,11.61,842.2
2021-10-07,18.17,10.67,840.0
2021-10-08,17.5,10.67,838.9
2021-10-09,17.22,9.22,840.0
2021-10-10,15.67,8.44,841.2
2021-10-11,12.83,9.67,843.8
2021-10-12,14.33,9.89,842.5
2021-10-13,14.28,10.22,841.5
2021-10-14,15.0,9.67,842.3
2021-10-15,15.0,9.56,840.8
2021-10-16,15.72,9.67,840.9
2021-10-17,13.0,11.22,843.4
2021-10-18,12.11,10.11,840.9
2021-10-19,12.89,10.33,842.0
2021-10-20,13.39,9.22,843.8
2021-10-21,13.94,9.94,842.4
2021-10-22,11.11,8.44,842.2
2021-10-23,4.33,3.67,846.6
2021-10-24,7.44,4.94,847.2
2021-10-25,9.67,6.5,847.4
2021-10-26,10.28,6.44,845.1
2021-10-27,10.83,6.39,846.7
2021-10-28,9.78,5.17,847.0
2021-10-29,10.06,5.56,847.9
2021-10-30,10.0,4.83,847.0
2021-10-31,9.67,4.67,844.2
2021-11-01,9.72,5.11,844.5
2021-11-02,9.22,3.67,846.1
2021-11-03,8.94,4.11,845.9
2021-11-04,8.67,3.83,844.2
2021-11-05,7.0,4.67,845.9
2021-11-06,8.17,4.83,845.6
2021-11-07,8.83,4.39,844.8
2021-11-08,7.83,4.06,846.2
2021-11-09,7.28,4.0,845.9
2021-11-10,7.22,4.06,845.0
2021-11-11,6.61,3.33,844.7
2021-11-12,5.83,2.67,845.0
2021-11-13,5.44,2.28,844.7
2021-11-14,5.56,2.17,841.8
2021-11-15,4.83,1.67,842.6
2021-11-16,4.39,1.0,844.7
2021-11-17,4.78,1.44,845.5
2021-11-18,5.94,1.78,843.1
2021-11-19,3.89,0.78,842.1
2021-11-20,3.83,0.94,841.5
2021-11-21,3.78,0.72,844.8
2021-11-22,3.89,0.61,844.1
2021-11-23,4.61,1.11,843.0
2021-11-24,6.44,2.39,843.3
2021-11-25,5.22,1.94,844.4
2021-11-26,4.89,1.44,843.7
2021-11-27,4.94,1.56,843.4
2021-11-28,4.61,1.22,846.0
2021-11-29,5.94,0.89,847.0
2021-11-30,3.67,0.83,846.4
2021-12-01,3.0,0.44,846.5
2021-12-02,3.28,0.06,846.9
2021-12-03,3.39,0.5,847.1
2021-12-04,4.11,0.94,845.3
2021-12-05,4.0,3.28,844.7
2021-12-06,5.94,2.78,846.8
2021-12-07,4.94,1.0,847.9
2021-12-08,4.5,1.0,846.7
2021-12-09,4.0,0.72,848.6
2021-12-10,3.06,-0.39,849.1
2021-12-11,1.94,-1.56,848.0
2021-12-12,1.72,-0.67,846.7
2021-12-13,1.56,-1.5,843.9
2021-12-14,2.44,-1.67,842.8
2021-12-15,1.67,-1.83,843.5
2021-12-16,2.17,-3.5,843.5
2021-12-17,0.89,-3.33,844.4
2021-12-18,0.33,-4.44,846.8
2021-12-19,0.61,-3.67,847.4
2021-12-20,1.33,-3.0,846.4
2021-12-21,3.72,-1.89,844.7
2021-12-22,4.39,-0.78,842.3
2021-12-23,5.33,1.33,843.1
2021-12-24,4.83,2.11,843.0
2021-12-25,4.39,0.33,843.7
2021-12-26,2.28,0.56,844.2
2021-12-27,4.06,1.39,845.2
2021-12-28,3.33,-0.22,846.1
2021-12-29,3.0,-2.11,846.2
2021-12-30,1.28,-3.33,850.0
2021-12-31,2.61,-2.72,849.8
2022-01-01,3.72,-2.0,848.0
2022-01-02,4.39,0.67,848.4
2022-01-03,4.11,1.0,847.4
2022-01-04,2.06,1.06,843.5
2022-01-05,1.17,0.78,840.5
2022-01-06,3.39,1.83,843.4
2022-01-07,1.94,1.39,842.1
2022-01-08,0.94,0.67,841.8
2022-01-09,1.28,0.56,842.4
2022-01-10,2.39,0.0,844.6
2022-01-11,2.44,-1.89,846.9
2022-01-12,0.94,-2.33,846.6
2022-01-13,0.89,-2.89,845.1
2022-01-14,0.78,-3.28,846.9
2022-01-15,1.11,-2.17,849.1
2022-01-16,3.72,-0.61,848.8
2022-01-17,2.89,0.83,847.2
2022-01-18,4.0,2.11,846.4
2022-01-19,3.17,1.89,842.3
2022-01-20,4.83,1.89,838.1
2022-01-21,5.17,1.28,836.9
2022-01-22,3.94,2.06,833.8
2022-01-23,3.33,2.0,835.2
2022-01-24,4.72,1.72,838.4
2022-01-25,4.78,1.33,839.4
2022-01-26,3.67,-0.22,840.5
2022-01-27,3.06,-2.0,843.0
2022-01-28,2.94,-3.72,844.8
2022-01-29,4.0,-1.61,844.0
2022-01-30,4.56,-0.83,840.5
2022-01-31,4.72,-0.22,838.7
2022-02-01,5.11,-0.28,839.9
2022-02-02,2.39,-0.61,838.0
2022-02-03,2.44,1.61,833.8
2022-02-04,4.28,0.0,835.2
2022-02-05,4.22,-0.39,840.3
2022-02-06,4.78,2.0,842.8
2022-02-07,4.56,2.39,842.6
2022-02-08,6.17,1.78,840.1
2022-02-09,5.56,1.56,842.0
2022-02-10,5.72,2.33,843.5
2022-02-11,4.44,2.0,844.7
2022-02-12,4.56,0.72,842.6
2022-02-13,5.72,2.67,841.2
2022-02-14,7.22,4.44,840.7
2022-02-15,8.11,2.0,840.3
2022-02-16,7.11,2.17,838.9
2022-02-17,7.0,2.39,840.0
2022-02-18,6.28,2.94,841.9
2022-02-19,7.56,3.44,841.6
2022-02-20,6.56,2.83,837.0
2022-02-21,6.72,2.72,838.6
2022-02-22,3.17,2.06,840.6
2022-02-23,1.67,1.06,842.7
2022-02-24,3.67,2.22,844.2
2022-02-25,3.94,2.28,843.4
2022-02-26,5.11,1.67,844.1
2022-02-27,5.0,0.67,848.0
2022-02-28,5.72,0.39,846.6
2022-03-01,5.94,3.33,846.1
2022-03-02,8.11,4.22,846.6
2022-03-03,7.0,4.28,844.4
2022-03-04,7.89,4.5,846.9
2022-03-05,10.0,4.06,846.0
2022-03-06,10.56,4.83,843.0
2022-03-07,7.89,5.83,847.1
2022-03-08,9.56,5.28,846.8
2022-03-09,11.17,5.89,844.0
2022-03-10,11.5,6.61,843.4
2022-03-11,11.0,5.0,844.0
2022-03-12,11.72,4.5,843.8
2022-03-13,13.78,5.72,844.7
2022-03-14,14.83,6.33,844.3
2022-03-15,16.5,8.56,843.0
2022-03-16,16.72,7.72,842.4
2022-03-17,17.17,7.5,842.8
2022-03-18,17.72,7.11,841.0
2022-03-19,14.44,9.0,841.9
2022-03-20,13.78,7.83,840.1
2022-03-21,14.83,7.22,842.1
2022-03-22,15.33,5.67,841.1
2022-03-23,16.28,4.83,839.7
2022-03-24,12.72,6.39,841.7
2022-03-25,14.5,4.78,841.5
2022-03-26,14.78,2.5,842.8
2022-03-27,16.33,4.5,842.1
2022-03-28,17.78,5.06,840.9
2022-03-29,17.94,3.83,839.5
2022-03-30,17.89,2.78,840.0
2022-03-31,16.83,4.83,842.3
2022-04-01,18.39,4.61,841.0
2022-04-02,18.22,4.56,840.4
2022-04-03,17.5,5.33,842.5
2022-04-04,17.5,5.72,842.1
2022-04-05,18.0,5.28,844.0
2022-04-06,18.06,5.56,842.8
2022-04-07,19.28,4.33,844.0
2022-04-08,19.5,5.28,841.9
2022-04-09,16.94,8.0,843.1
2022-04-10,17.72,8.56,841.8
2022-04-11,18.83,8.28,839.8
2022-04-12,17.78,9.44,839.0
2022-04-13,15.06,10.0,841.4
2022-04-14,13.67,8.5,840.5
2022-04-15,15.17,8.0,838.8
2022-04-16,17.67,8.39,837.5
2022-04-17,18.39,8.5,839.1
2022-04-18,19.22,9.17,841.2
2022-04-19,16.06,9.67,844.1
2022-04-20,15.0,10.39,842.8
2022-04-21,11.06,8.39,844.7
2022-04-22,13.11,8.56,844.7
2022-04-23,14.28,8.33,844.5
2022-04-24,16.22,8.33,841.5
2022-04-25,16.28,9.67,841.2
2022-04-26,16.94,9.28,842.6
2022-04-27,19.39,9.67,840.5
2022-04-28,18.5,10.72,843.5
2022-04-29,17.83,12.06,843.4
2022-04-30,18.67,11.83,838.5
2022-05-01,21.39,11.67,837.3
2022-05-02,21.61,12.61,836.1
2022-05-03,16.72,11.11,841.5
2022-05-04,14.28,11.67,843.5
2022-05-05,16.22,11.72,841.3
2022-05-06,17.39,10.0,840.7
2022-05-07,19.44,10.28,840.1
2022-05-08,22.72,10.39,837.3
2022-05-09,20.11,10.89,839.1
2022-05-10,20.72,12.28,839.4
2022-05-11,23.33,9.83,837.6
2022-05-12,22.0,9.78,838.1
2022-05-13,22.72,10.56,835.8
2022-05-14,23.28,11.06,835.7
2022-05-15,22.28,8.28,837.6
2022-05-16,20.28,10.39,839.5
2022-05-17,18.06,9.78,839.1
2022-05-18,19.17,10.89,839.6
2022-05-19,20.44,9.72,839.0
2022-05-20,14.5,10.89,840.3
2022-05-21,15.5,11.0,837.1
2022-05-22,17.78,10.33,831.9
2022-05-23,16.5,9.17,833.5
2022-05-24,17.78,11.22,837.7
2022-05-25,21.11,11.44,837.2
2022-05-26,21.44,12.5,836.0
2022-05-27,19.94,11.94,836.3
2022-05-28,18.44,12.72,836.5
2022-05-29,19.22,11.89,836.7
2022-05-30,19.83,10.39,837.5
2022-05-31,19.0,10.56,838.3
2022-06-01,18.94,10.67,840.0
2022-06-02,19.83,9.89,839.0
2022-06-03,20.17,9.33,838.1
2022-06-04,21.78,9.11,838.1
2022-06-05,22.22,9.83,838.0
2022-06-06,23.56,10.78,836.7
2022-06-07,23.56,9.11,836.6
2022-06-08,22.5,10.11,836.4
2022-06-09,21.28,11.0,837.3
2022-06-10,19.44,12.78,839.6
2022-06-11,19.78,13.61,838.3
2022-06-12,20.89,12.5,838.5
2022-06-13,22.67,13.72,839.0
2022-06-14,24.39,11.67,836.8
2022-06-15,25.22,10.39,834.5
2022-06-16,22.17,12.67,836.0
2022-06-17,20.22,12.17,835.4
2022-06-18,15.11,12.28,837.4
2022-06-19,15.06,12.39,837.2
2022-06-20,15.5,12.56,834.7
2022-06-21,13.72,12.44,834.4
2022-06-22,13.78,11.17,842.8
2022-06-23,17.39,12.11,840.7
2022-06-24,20.78,14.11,837.4
2022-06-25,23.22,14.94,835.0
2022-06-26,24.5,15.72,836.0
2022-06-27,25.56,17.0,836.2
2022-06-28,26.44,17.67,833.2
2022-06-29,27.78,18.67,830.4
2022-06-30,28.28,20.0,830.2
2022-07-01,28.5,19.67,830.9
2022-07-02,28.44,19.83,830.6
2022-07-03,29.17,19.33,832.0
2022-07-04,27.78,18.83,832.7
2022-07-05,23.56,19.83,835.0
2022-07-06,24.17,19.28,837.8
2022-07-07,25.72,19.67,837.8
2022-07-08,26.67,20.44,834.0
2022-07-09,23.44,19.17,833.4
2022-07-10,24.72,18.94,833.6
2022-07-11,23.22,19.39,835.7
2022-07-12,23.33,19.11,834.8
2022-07-13,21.72,18.39,833.8
2022-07-14,19.44,16.72,835.9
2022-07-15,21.28,16.39,838.5
2022-07-16,19.67,17.56,840.1
2022-07-17,23.5,18.11,839.1
2022-07-18,25.56,18.61,836.3
2022-07-19,27.33,19.61,832.8
2022-07-20,25.72,18.39,831.9
2022-07-21,24.17,19.22,834.7
2022-07-22,26.0,19.61,836.0
2022-07-23,24.56,20.33,836.2
2022-07-24,25.06,19.72,836.2
2022-07-25,22.83,19.78,838.6
2022-07-26,25.94,19.72,837.9
2022-07-27,24.61,19.56,836.9
2022-07-28,22.28,19.61,838.5
2022-07-29,21.78,19.22,837.8
2022-07-30,23.78,19.11,834.9
2022-07-31,23.5,16.44,833.1
2022-08-01,20.28,16.72,836.3
2022-08-02,22.56,16.67,835.5
2022-08-03,23.33,18.0,836.1
2022-08-04,24.11,17.5,835.7
2022-08-05,24.0,18.83,834.6
2022-08-06,24.17,18.94,833.8
2022-08-07,25.5,19.0,832.8
2022-08-08,23.67,19.61,834.7
2022-08-09,25.0,19.28,834.7
2022-08-10,26.83,18.83,833.4
2022-08-11,22.78,19.72,834.7
2022-08-12,23.56,18.44,836.5
2022-08-13,25.22,18.89,834.4
2022-08-14,26.67,18.72,834.5
2022-08-15,22.28,19.83,837.9
2022-08-16,22.94,18.72,837.7
2022-08-17,22.67,18.61,837.7
2022-08-18,24.17,18.89,835.5
2022-08-19,26.0,18.72,833.9
2022-08-20,23.94,17.89,835.3
2022-08-21,22.67,16.78,835.7
2022-08-22,22.28,17.33,834.5
2022-08-23,22.83,17.28,837.7
2022-08-24,21.56,17.67,839.8
2022-08-25,20.5,18.17,838.8
2022-08-26,21.33,18.61,837.8
2022-08-27,22.67,17.28,836.4
2022-08-28,21.56,17.11,836.2
2022-08-29,22.06,16.94,840.3
2022-08-30,23.28,16.5,840.4
2022-08-31,23.44,15.17,837.8
2022-09-01,24.67,15.56,837.5
2022-09-02,24.17,15.89,838.7
2022-09-03,23.33,16.44,835.4
2022-09-04,23.28,16.17,834.8
2022-09-05,20.78,16.22,837.9
2022-09-06,21.78,15.11,838.6
2022-09-07,23.22,15.67,840.5
2022-09-08,23.89,16.39,840.5
2022-09-09,23.94,17.0,839.9
2022-09-10,22.28,15.61,839.1
2022-09-11,18.67,15.72,838.9
2022-09-12,20.28,13.89,838.3
2022-09-13,21.28,14.33,837.9
2022-09-14,20.28,13.94,837.8
2022-09-15,21.22,13.22,835.1
2022-09-16,21.78,14.22,832.8
2022-09-17,18.72,13.33,837.0
2022-09-18,19.61,11.83,839.3
2022-09-19,20.5,12.06,839.0
2022-09-20,20.5,12.44,839.0
2022-09-21,21.0,12.39,838.8
2022-09-22,20.72,11.89,838.5
2022-09-23,21.67,13.28,837.4
2022-09-24,21.0,14.22,836.0
2022-09-25,17.89,14.0,838.1
2022-09-26,19.44,12.39,841.3
2022-09-27,20.28,12.33,838.9
2022-09-28,20.22,11.44,838.4
2022-09-29,19.0,10.83,839.5
2022-09-30,19.11,10.28,839.1
2022-10-01,19.11,10.61,838.5
2022-10-02,17.44,10.5,841.4
2022-10-03,17.78,10.28,841.2
2022-10-04,17.67,9.11,842.3
2022-10-05,17.56,8.94,840.2
2022-10-06,16.33,8.72,841.5
2022-10-07,16.78,8.5,841.9
2022-10-08,16.94,8.28,841.7
2022-10-09,17.78,8.94,840.8
2022-10-10,16.83,8.5,841.8
2022-10-11,16.89,7.56,840.1
2022-10-12,16.22,8.61,842.3
2022-10-13,14.39,6.83,844.1
2022-10-14,15.61,6.39,843.7
2022-10-15,15.11,7.11,842.7
2022-10-16,15.89,7.11,844.1
2022-10-17,19.61,7.61,842.0
2022-10-18,14.83,5.11,843.4
2022-10-19,12.44,6.78,843.1
2022-10-20,6.89,4.89,848.3
2022-10-21,9.56,5.56,850.2
2022-10-22,10.22,5.06,849.4
2022-10-23,11.06,5.94,847.4
2022-10-24,11.94,6.17,842.7
2022-10-25,11.72,6.39,841.2
2022-10-26,12.0,6.83,844.0
2022-10-27,11.33,6.11,844.4
2022-10-28,11.67,4.78,844.7
2022-10-29,11.33,4.72,844.8
2022-10-30,11.11,5.56,844.9
2022-10-31,10.94,5.17,844.8
2022-11-01,11.11,6.61,847.7
2022-11-02,10.61,6.0,846.6
2022-11-03,12.17,6.61,845.3
2022-11-04,11.67,7.28,845.5
2022-11-05,10.89,7.56,845.4
2022-11-06,9.39,6.44,848.5
2022-11-07,5.94,4.28,848.8
2022-11-08,8.39,5.39,848.7
2022-11-09,6.83,5.0,846.2
2022-11-10,7.67,4.83,848.2
2022-11-11,8.11,2.78,847.6
2022-11-12,7.72,1.78,846.5
2022-11-13,7.89,2.06,844.9
2022-11-14,5.83,3.89,845.3
2022-11-15,7.61,3.89,846.2
2022-11-16,7.72,3.72,843.2
2022-11-17,7.78,2.67,844.6
2022-11-18,6.72,2.5,845.5
2022-11-19,6.44,3.06,846.4
2022-11-20,7.89,4.11,846.5
2022-11-21,6.67,2.61,844.7
2022-11-22,5.56,1.61,845.7
2022-11-23,4.83,0.83,847.2
2022-11-24,4.78,0.56,846.4
2022-11-25,5.39,1.44,847.9
2022-11-26,5.83,1.67,844.3
2022-11-27,4.5,1.28,842.4
2022-11-28,4.78,1.56,844.0
2022-11-29,4.11,1.17,845.5
2022-11-30,4.0,1.39,846.4
2022-12-01,4.39,1.17,844.9
2022-12-02,4.11,1.0,843.0
2022-12-03,2.06,1.39,844.0
2022-12-04,2.5,-1.06,844.8
2022-12-05,2.39,-1.11,845.4
2022-12-06,3.11,-0.89,844.9
2022-12-07,2.22,-0.89,844.6
2022-12-08,3.17,-0.72,844.8
2022-12-09,6.44,2.06,844.4
2022-12-10,5.33,3.56,846.4
2022-12-11,6.39,1.06,847.8
2022-12-12,5.33,0.11,845.5
2022-12-13,3.22,-0.39,847.1
2022-12-14,3.11,-0.61,846.3
2022-12-15,2.78,-0.67,845.8
2022-12-16,4.28,-0.39,844.1
2022-12-17,3.22,-0.17,845.5
2022-12-18,2.72,-0.94,844.5
2022-12-19,2.89,-1.5,842.4
2022-12-20,2.67,-2.28,841.4
2022-12-21,1.89,-2.83,843.1
2022-12-22,1.39,-3.28,842.6
2022-12-23,1.44,-2.44,839.8
2022-12-24,0.78,-2.72,842.7
2022-12-25,0.44,-3.61,843.9
2022-12-26,2.44,-2.39,845.5
2022-12-27,1.61,-3.17,845.7
2022-12-28,1.28,-3.44,845.4
2022-12-29,0.72,-1.44,844.6
2022-12-30,1.94,0.56,847.6
2022-12-31,3.61,-0.61,848.1
2023-01-01,1.61,-3.22,847.8
2023-01-02,0.67,-3.0,847.0
2023-01-03,0.83,-3.0,848.2
2023-01-04,0.83,-3.33,850.1
2023-01-05,0.33,-3.33,851.8
2023-01-06,0.5,-3.22,852.0
2023-01-07,3.56,-1.89,849.8
2023-01-08,3.72,-0.11,848.0
2023-01-09,4.44,2.11,847.6
2023-01-10,4.72,2.78,846.4
2023-01-11,3.33,2.11,839.3
2023-01-12,1.11,5537.72,837.7
2023-01-13,1.44,0.5,838.2
2023-01-14,2.17,-0.28,842.5
2023-01-15,2.67,-1.61,839.9
2023-01-16,1.0,-2.83,842.2
2023-01-17,1.39,-3.72,843.7
2023-01-18,1.39,-4.22,846.2
2023-01-19,2.72,-1.39,844.8
2023-01-20,2.17,0.61,842.3
2023-01-21,2.78,0.83,843.0
2023-01-22,3.28,0.17,841.8
2023-01-23,3.17,-0.72,843.1
2023-01-24,2.5,0.56,840.7
2023-01-25,2.22,1.33,841.9
2023-01-26,2.89,0.67,846.5
2023-01-27,4.72,-0.17,848.3
2023-01-28,3.22,-0.72,846.9
2023-01-29,3.06,-0.61,842.0
2023-01-30,0.94,0.44,844.2
2023-01-31,2.78,0.89,848.3
2023-02-01,3.11,-0.11,849.3
2023-02-02,3.56,-0.17,848.0
2023-02-03,4.44,0.5,846.6
2023-02-04,5.33,1.11,843.9
2023-02-05,7.06,1.72,841.7
2023-02-06,5.0,2.44,841.1
2023-02-07,5.61,0.89,841.9
2023-02-08,6.06,-0.06,843.5
2023-02-09,2.33,0.94,840.0
2023-02-10,4.67,1.17,839.6
2023-02-11,2.83,0.22,841.3
2023-02-12,3.06,-2.33,846.1
2023-02-13,3.06,-3.11,847.2
2023-02-14,5.56,-0.33,847.3
2023-02-15,6.72,1.11,845.9
2023-02-16,7.83,3.11,847.6
2023-02-17,9.33,3.72,848.1
2023-02-18,9.83,4.78,846.0
2023-02-19,9.94,5.11,844.3
2023-02-20,9.61,3.5,841.4
2023-02-21,8.67,2.94,844.6
2023-02-22,8.67,2.11,844.2
2023-02-23,8.61,-0.06,844.7
2023-02-24,9.33,-0.72,845.6
2023-02-25,10.39,0.11,846.1
2023-02-26,9.78,3.94,848.5
2023-02-27,10.06,2.89,847.0
2023-02-28,8.22,2.56,847.3
2023-03-01,9.72,5.44,848.6
2023-03-02,8.83,6.44,848.6
2023-03-03,11.17,5.56,848.6
2023-03-04,11.06,6.28,848.9
2023-03-05,10.78,4.78,848.5
2023-03-06,10.61,2.28,845.8
2023-03-07,10.83,1.56,845.6
2023-03-08,11.78,1.06,846.2
2023-03-09,12.33,-0.83,846.2
2023-03-10,11.44,0.06,845.2
2023-03-11,12.89,1.28,845.0
2023-03-12,13.06,3.72,846.1
2023-03-13,13.28,4.78,844.5
2023-03-14,13.28,2.78,841.0
2023-03-15,13.56,2.78,839.8
2023-03-16,12.61,3.89,841.5
2023-03-17,11.56,4.67,842.1
2023-03-18,9.83,5.83,840.5
2023-03-19,10.17,6.5,839.3
2023-03-20,11.17,5.56,837.8
2023-03-21,10.5,4.61,837.6
2023-03-22,11.78,3.89,838.6
2023-03-23,10.89,3.78,838.7
2023-03-24,9.89,5.33,838.9
2023-03-25,9.17,5.22,841.8
2023-03-26,10.83,4.11,841.6
2023-03-27,11.83,3.28,840.2
2023-03-28,13.11,3.61,840.4
2023-03-29,13.28,4.06,842.3
2023-03-30,13.11,4.94,839.8
2023-03-31,12.56,6.89,836.4
2023-04-01,10.39,7.94,837.7
2023-04-02,11.72,6.89,838.3
2023-04-03,10.67,7.28,837.8
2023-04-04,9.06,5.39,841.7
2023-04-05,10.89,3.56,842.1
2023-04-06,10.83,5.61,844.9
2023-04-07,12.06,4.11,846.0
2023-04-08,14.28,3.39,846.0
2023-04-09,15.06,2.06,845.2
2023-04-10,16.28,2.72,844.1
2023-04-11,17.0,4.67,844.0
2023-04-12,16.44,5.33,844.0
2023-04-13,18.22,5.0,842.4
2023-04-14,18.0,5.0,842.0
2023-04-15,17.94,6.5,842.9
2023-04-16,13.56,9.67,844.7
2023-04-17,15.67,10.67,844.5
2023-04-18,12.72,10.67,843.7
2023-04-19,10.28,9.0,839.0
2023-04-20,10.67,7.28,836.9
2023-04-21,10.28,5.56,839.4
2023-04-22,9.83,4.56,840.7
2023-04-23,12.89,5.28,840.8
2023-04-24,16.17,5.17,841.5
2023-04-25,16.11,5.61,843.0
2023-04-26,13.94,7.28,841.8
2023-04-27,11.28,7.61,844.7
2023-04-28,9.56,7.33,846.3
2023-04-29,13.17,7.89,843.3
2023-04-30,15.83,8.83,839.0
2023-05-01,15.0,9.72,837.6
2023-05-02,13.06,10.89,839.6
2023-05-03,14.06,9.39,840.2
2023-05-04,14.67,9.0,841.0
2023-05-05,16.56,9.28,839.4
2023-05-06,12.17,7.78,840.3
2023-05-07,12.83,7.61,839.0
2023-05-08,9.06,5.83,841.2
2023-05-09,12.67,5.94,843.0
2023-05-10,15.22,6.44,841.5
2023-05-11,17.39,5.72,842.7
2023-05-12,17.78,7.11,841.4
2023-05-13,16.17,9.33,842.8
2023-05-14,16.78,8.67,840.1
2023-05-15,18.28,7.56,839.1
2023-05-16,19.11,9.0,839.7
2023-05-17,19.39,9.61,840.8
2023-05-18,16.22,9.5,844.1
2023-05-19,17.22,9.0,841.0
2023-05-20,19.22,8.61,839.8
2023-05-21,21.33,9.61,840.9
2023-05-22,22.33,9.72,841.7
2023-05-23,18.83,12.44,842.4
2023-05-24,14.5,12.61,839.6
2023-05-25,14.94,10.89,838.3
2023-05-26,12.83,9.83,839.8
2023-05-27,14.78,8.94,840.2
2023-05-28,17.72,9.89,840.2
2023-05-29,15.89,11.28,842.8
2023-05-30,14.61,11.56,843.2
2023-05-31,13.5,11.61,839.6
2023-06-01,13.61,12.22,839.5
2023-06-02,15.89,10.67,838.8
2023-06-03,17.39,9.22,840.6
2023-06-04,17.78,11.28,840.6
2023-06-05,18.17,10.28,839.7
2023-06-06,18.72,10.11,838.6
2023-06-07,18.61,10.22,839.3
2023-06-08,19.22,10.83,838.5
2023-06-09,23.0,14.5,835.3
2023-06-10,22.33,14.89,834.1
2023-06-11,21.06,12.94,835.1
2023-06-12,22.0,14.28,835.1
2023-06-13,23.61,13.56,834.9
2023-06-14,21.67,13.78,835.9
2023-06-15,22.72,12.72,834.8
2023-06-16,22.78,12.0,835.6
2023-06-17,24.22,12.67,836.0
2023-06-18,24.33,13.5,835.6
2023-06-19,24.28,15.44,834.8
2023-06-20,26.06,15.83,833.9
2023-06-21,27.17,16.11,834.6
2023-06-22,28.39,18.17,834.8
2023-06-23,28.67,18.28,834.3
2023-06-24,27.44,17.67,834.0
2023-06-25,27.06,17.67,833.3
2023-06-26,22.17,17.56,836.4
2023-06-27,24.5,17.56,835.3
2023-06-28,23.94,16.72,836.6
2023-06-29,24.22,17.61,834.9
2023-06-30,22.33,15.33,834.5
2023-07-01,24.28,15.28,834.6
2023-07-02,25.06,16.44,834.8
2023-07-03,24.5,16.5,834.7
2023-07-04,23.28,15.28,834.0
2023-07-05,21.5,15.94,834.6
2023-07-06,22.17,16.89,835.9
2023-07-07,17.89,15.28,838.7
2023-07-08,17.0,14.89,839.2
2023-07-09,20.72,16.17,836.4
2023-07-10,22.94,16.83,835.8
2023-07-11,23.78,15.06,835.7
2023-07-12,23.72,15.0,834.7
2023-07-13,24.5,16.56,834.9
2023-07-14,25.72,18.56,835.2
2023-07-15,25.89,18.39,834.4
2023-07-16,21.89,19.83,836.3
2023-07-17,24.72,19.89,835.0
2023-07-18,26.72,20.0,833.2
2023-07-19,22.06,19.78,835.6
2023-07-20,23.5,20.06,836.3
2023-07-21,23.94,19.78,837.5
2023-07-22,20.83,19.56,839.8
2023-07-23,20.67,18.89,840.3
2023-07-24,23.72,19.06,836.9
2023-07-25,23.67,18.67,836.9
2023-07-26,24.72,18.78,836.2
2023-07-27,24.33,19.17,835.8
2023-07-28,22.11,19.17,834.0
2023-07-29,21.11,17.17,835.0
2023-07-30,23.0,18.11,833.6
2023-07-31,23.94,18.28,832.9
2023-08-01,25.28,18.83,832.0
2023-08-02,24.94,18.28,832.6
2023-08-03,24.94,18.61,833.1
2023-08-04,25.28,19.17,834.4
2023-08-05,25.06,19.11,835.5
2023-08-06,25.06,18.39,831.8
2023-08-07,23.28,17.28,831.2
2023-08-08,24.44,16.94,832.4
2023-08-09,26.06,17.61,834.8
2023-08-10,24.83,17.89,836.4
2023-08-11,25.67,18.11,836.0
2023-08-12,26.61,18.5,833.7
2023-08-13,27.33,19.28,831.6
2023-08-14,23.61,17.56,836.2
2023-08-15,21.72,17.11,837.8
2023-08-16,23.89,17.5,836.5
2023-08-17,23.78,17.22,836.6
2023-08-18,24.39,17.06,837.1
2023-08-19,24.61,16.22,838.1
2023-08-20,25.28,17.44,837.8
2023-08-21,27.11,18.5,835.8
2023-08-22,27.67,18.78,833.5
2023-08-23,26.78,17.83,831.8
2023-08-24,23.0,17.56,832.1
2023-08-25,22.78,15.72,833.1
2023-08-26,18.61,15.78,836.6
2023-08-27,21.28,14.5,835.2
2023-08-28,21.06,13.89,835.0
2023-08-29,22.0,12.78,837.5
2023-08-30,21.33,12.89,838.8
2023-08-31,23.5,14.39,838.9
2023-09-01,24.56,16.33,838.3
2023-09-02,26.22,17.11,837.1
2023-09-03,24.11,15.44,836.9
2023-09-04,22.67,13.78,836.6
2023-09-05,22.78,13.28,838.5
2023-09-06,22.28,13.17,839.7
2023-09-07,22.17,11.44,839.4
2023-09-08,22.22,13.17,838.0
2023-09-09,23.11,14.0,836.5
2023-09-10,24.17,15.72,834.4
2023-09-11,24.89,16.72,835.0
2023-09-12,24.83,17.61,835.3
2023-09-13,25.5,17.72,835.8
2023-09-14,25.67,18.83,837.2
2023-09-15,25.33,16.94,837.7
2023-09-16,23.17,16.5,838.4
2023-09-17,21.28,15.5,837.6
2023-09-18,22.22,16.11,838.0
2023-09-19,24.67,15.11,839.7
2023-09-20,23.17,15.5,838.7
2023-09-21,21.22,13.22,838.9
2023-09-22,20.0,12.67,839.2
2023-09-23,20.44,11.22,839.7
2023-09-24,18.22,10.22,840.0
2023-09-25,15.44,11.61,843.1
2023-09-26,17.39,11.28,842.5
2023-09-27,17.72,10.28,841.1
2023-09-28,16.83,10.56,840.5
2023-09-29,16.67,9.89,840.5
2023-09-30,16.61,8.78,840.6
2023-10-01,17.83,9.89,839.0
2023-10-02,17.72,11.39,839.7
2023-10-03,17.72,10.83,840.6
2023-10-04,17.56,9.33,841.3
2023-10-05,16.44,8.56,841.1
2023-10-06,17.89,9.22,839.3
2023-10-07,18.67,11.5,840.5
2023-10-08,18.33,11.78,840.6
2023-10-09,15.17,10.0,842.5
2023-10-10,12.72,9.94,845.5
2023-10-11,15.17,11.67,843.8
2023-10-12,16.61,11.22,843.8
2023-10-13,17.06,12.83,843.2
2023-10-14,13.44,10.78,844.8
2023-10-15,14.28,9.83,841.7
2023-10-16,9.39,8.17,843.2
2023-10-17,9.17,7.5,846.9
2023-10-18,10.5,7.94,847.2
2023-10-19,11.22,8.33,846.2
2023-10-20,11.72,8.44,846.4
2023-10-21,11.61,8.06,846.4
2023-10-22,11.39,7.72,847.2
2023-10-23,11.83,7.28,846.0
2023-10-24,11.22,7.06,846.1
2023-10-25,12.5,7.5,846.8
2023-10-26,11.28,7.28,845.8
2023-10-27,11.78,7.5,844.8
2023-10-28,11.56,7.11,845.0
2023-10-29,11.67,7.61,845.0
2023-10-30,11.39,7.61,845.7
2023-10-31,11.78,7.89,846.8
2023-11-01,11.72,7.5,847.2
2023-11-02,11.11,7.78,846.9
2023-11-03,11.17,6.56,844.1
2023-11-04,7.5,4.44,845.0
2023-11-05,8.5,4.72,845.2
2023-11-06,8.78,4.72,846.4
2023-11-07,8.67,4.5,845.7
2023-11-08,8.67,4.89,844.5
2023-11-09,10.0,5.44,843.3
2023-11-10,7.22,5.61,847.1
2023-11-11,9.5,5.22,850.2
2023-11-12,8.89,3.83,849.6
2023-11-13,7.28,3.39,848.7
2023-11-14,7.17,3.89,848.8
2023-11-15,7.72,3.94,848.9
2023-11-16,6.39,3.11,849.8
2023-11-17,6.0,2.94,849.5
2023-11-18,5.94,3.28,847.2
2023-11-19,6.44,3.39,846.6
2023-11-20,4.61,2.5,847.6
2023-11-21,4.5,2.17,847.3
2023-11-22,4.28,1.78,844.7
2023-11-23,5.78,2.89,842.6
2023-11-24,6.39,2.11,847.2
2023-11-25,5.78,2.06,848.3
2023-11-26,5.94,3.0,847.2
2023-11-27,8.0,3.83,846.6
2023-11-28,7.78,4.06,845.3
2023-11-29,7.39,4.22,845.7
2023-11-30,6.44,5.17,845.7
2023-12-01,6.94,3.94,847.8
2023-12-02,7.06,4.11,848.6
2023-12-03,6.28,2.89,847.2
2023-12-04,5.39,2.22,845.7
2023-12-05,4.5,1.67,845.8
2023-12-06,3.72,0.78,847.5
2023-12-07,3.61,0.28,846.3
2023-12-08,2.56,-0.11,844.2
2023-12-09,1.89,-1.28,845.0
2023-12-10,2.5,-0.94,844.2
2023-12-11,2.17,-1.06,842.7
2023-12-12,3.11,-0.33,841.6
2023-12-13,1.67,-1.78,844.7
2023-12-14,1.0,-2.5,846.7
2023-12-15,2.06,-1.39,845.8
2023-12-16,3.56,-0.06,843.3
2023-12-17,3.56,0.83,846.8
2023-12-18,3.67,-0.17,849.9
2023-12-19,1.78,-2.22,851.0
2023-12-20,1.94,-2.11,850.9
2023-12-21,1.5,-2.22,849.3
2023-12-22,2.33,-0.61,848.1
2023-12-23,3.67,0.67,850.5
2023-12-24,3.28,0.83,851.8
2023-12-25,,,
2023-12-26,,,
2023-12-27,1.06,-0.5,850.1
2023-12-28,0.44,-1.11,848.4
2023-12-29,0.61,-1.44,847.1
2023-12-30,2.28,-0.22,845.8
2023-12-31,1.72,-0.72,845.3
